SKU,ABC等级,紧急程度,建议订货,备注,预测月消耗,目标服务水平,安全库存,目标库存,理论库存,已定未发,在途未到,可用库存,缺口,库存金额,订货金额,周转天数,波动率,Cog,MOQ
NU1C8SKT7,A,🔴 紧急,1000,库存告急 (0%),197.3,0.98,286.0,680.6,0.0,0.0,0.0,0.0,680.6,0.0,892.33,0.0,98.65,0.892333083,1000
5120SH726T10,A,🔴 紧急,100,库存告急 (0%),29.1,0.98,29.1,87.3,0.0,0.0,0.0,0.0,87.3,0.0,438.0,0.0,4.57,4.38,100
5120SH741T20,A,🔴 紧急,100,库存告急 (0%),22.9,0.98,22.9,68.7,0.0,0.0,0.0,0.0,68.7,0.0,555.61,0.0,6.01,5.556147133,100
6550-6550B38,C,🔴 紧急,100,库存告急 (0%),17.5,0.9,17.5,52.5,0.0,0.0,0.0,0.0,52.5,0.0,0.0,0.0,8.71,0.0,100
NE1C2E40K,A,不需要,0,库存充足,2119.1,0.98,2119.1,6357.3,11904.0,10000.0,0.0,21904.0,-15546.7,3988.13,0.0,168.5,28.74,0.335023947,1000
NE1C2E45K,A,不需要,0,库存充足,1873.4,0.98,1873.4,5620.2,7104.0,10000.0,0.0,17104.0,-11483.8,2549.24,0.0,113.8,18.03,0.358845257,1000
NU1C8E51K,A,不需要,0,库存充足,2321.0,0.98,2321.0,6963.0,5376.0,9600.0,0.0,14976.0,-8013.0,1397.76,0.0,69.5,33.21,0.26,1000
5112SH666T15,A,不需要,0,库存充足,133.8,0.98,133.8,401.4,0.0,800.0,0.0,800.0,-398.6,0.0,0.0,0.0,16.4,4.25169,100
5112SH666T20,A,不需要,0,库存充足,109.9,0.98,109.9,329.7,276.0,500.0,0.0,776.0,-446.3,1417.02,0.0,75.3,12.4,5.134128444,100
5112SH666T12,A,不需要,0,库存充足,115.8,0.98,115.8,347.4,16.0,800.0,0.0,816.0,-468.6,66.51,0.0,4.1,15.63,4.156712328,100
NU1C1E46K,A,不需要,0,库存充足,1441.0,0.98,1441.0,4323.0,12120.0,0.0,0.0,12120.0,-7797.0,3999.6,0.0,252.3,15.89,0.33,1000
NE1C2E40C,A,不需要,0,库存充足,1398.1,0.98,1398.1,4194.3,21120.0,0.0,0.0,21120.0,-16925.7,7142.35,0.0,453.2,22.68,0.338179561,1000
NE1C2E45C,A,不需要,0,库存充足,1233.4,0.98,1233.4,3700.2,10944.0,0.0,0.0,10944.0,-7243.8,4130.21,0.0,266.2,22.4,0.377394761,1000
NE3C3B37C,A,不需要,0,库存充足,1903.4,0.98,1903.4,5710.2,9600.0,10000.0,0.0,19600.0,-13889.8,2332.8,0.0,151.3,45.23,0.243,1000
6550H951E32,A,不需要,0,库存充足,39.8,0.98,39.8,119.4,196.0,0.0,0.0,196.0,-76.6,2129.48,0.0,147.7,13.52,10.864715384,100
NU1C1B36C,A,不需要,0,库存充足,2245.2,0.98,2245.2,6735.6,23712.0,0.0,0.0,23712.0,-16976.4,4197.64,0.0,316.8,27.76,0.177026148,1000
NE3C3B37K,A,不需要,0,库存充足,1110.0,0.98,1110.0,3330.0,17384.0,0.0,0.0,17384.0,-14054.0,6084.4,0.0,469.8,26.24,0.35,1000
5112H666E32,A,不需要,0,库存充足,46.7,0.98,46.7,140.1,184.0,400.0,0.0,584.0,-443.9,1420.8,0.0,118.2,6.55,7.721745251,100
6550H106B38,A,不需要,0,缺口微小,33.4,0.98,33.4,100.2,100.0,0.0,0.0,100.0,0.2,947.7,0.0,89.8,3.66,9.477,100
NE3C2E48K,A,不需要,0,库存充足,794.5,0.98,794.5,2383.5,7068.0,0.0,0.0,7068.0,-4684.5,2657.49,0.0,266.9,12.84,0.375989122,1000
NU1C9B36C,A,不需要,0,库存充足,114.4,0.98,114.4,343.2,1008.0,0.0,0.0,1008.0,-664.8,2612.28,0.0,264.3,16.14,2.591544902,1000
NU1C1B36K,A,不需要,0,库存充足,1405.2,0.98,1405.2,4215.6,21664.0,0.0,0.0,21664.0,-17448.4,4432.52,0.0,462.5,30.67,0.204603047,1000
NE3C2E48C,A,不需要,0,库存充足,676.1,0.98,676.1,2028.3,8448.0,0.0,0.0,8448.0,-6419.7,3303.76,0.0,374.9,8.48,0.391070082,1000
NU1C9E46C,A,不需要,0,库存充足,70.3,0.98,70.3,210.9,840.0,0.0,0.0,840.0,-629.1,3082.8,0.0,358.5,13.19,3.67,1000
NE1C9E40K,A,不需要,0,库存充足,50.6,0.98,50.6,151.8,168.0,1000.0,0.0,1168.0,-1016.2,850.08,0.0,99.6,5.46,5.06,1000
5112SH666T25,A,不需要,0,库存充足,40.0,0.98,40.0,120.0,92.0,200.0,0.0,292.0,-172.0,544.47,0.0,69.0,4.8,5.918189473,100
5112SH666T30,A,不需要,0,库存充足,34.9,0.98,34.9,104.7,76.0,200.0,0.0,276.0,-171.3,493.38,0.0,65.3,3.75,6.491796923,100
5120H641E20,A,不需要,0,库存充足,30.7,0.98,30.7,92.1,128.0,0.0,0.0,128.0,-35.9,861.82,0.0,125.1,3.82,6.733,100
BU1B4D45K,A,不需要,0,库存充足,502.3,0.98,502.3,1506.9,1560.0,3000.0,0.0,4560.0,-3053.1,638.04,0.0,93.2,3.63,0.409,1000
NU1C1H46C,A,不需要,0,库存充足,581.4,0.98,581.4,1744.2,12960.0,0.0,0.0,12960.0,-11215.8,4536.0,0.0,668.7,14.44,0.35,1000
BU1B4E28K,A,不需要,0,库存充足,698.6,0.98,698.6,2095.8,4480.0,2000.0,0.0,6480.0,-4384.2,1260.61,0.0,192.4,5.12,0.28138641,1000
BE2B4E45K,A,不需要,0,库存充足,502.8,0.98,502.8,1508.4,3960.0,0.0,0.0,3960.0,-2451.6,1504.8,0.0,236.3,3.78,0.38,1000
NU1C9B36K,A,不需要,0,库存充足,72.3,0.98,72.3,216.9,888.0,0.0,0.0,888.0,-671.1,2300.73,0.0,368.5,7.42,2.590913506,1000
8650-8170E51,A,不需要,0,库存充足,10.6,0.98,10.6,31.8,88.0,100.0,0.0,188.0,-156.2,1544.84,0.0,249.1,3.55,17.554991666,100
5120H669E20,A,不需要,0,库存充足,27.3,0.98,27.3,81.9,260.0,0.0,0.0,260.0,-178.1,1747.81,0.0,285.7,2.56,6.722335398,100
6135H871E25,A,不需要,0,库存充足,17.2,0.98,17.2,51.6,164.0,0.0,0.0,164.0,-112.4,1720.36,0.0,286.0,4.33,10.49,100
BU1B4D50K,A,不需要,0,库存充足,415.1,0.98,415.1,1245.3,840.0,2000.0,0.0,2840.0,-1594.7,363.64,0.0,60.7,2.29,0.432909315,1000
NU1C9E46K,A,不需要,0,库存充足,48.8,0.98,48.8,146.4,960.0,0.0,0.0,960.0,-813.6,3523.2,0.0,590.2,12.9,3.67,1000
BE2B4E40K,A,不需要,0,库存充足,525.6,0.98,525.6,1576.8,3960.0,0.0,0.0,3960.0,-2383.2,1302.8,0.0,226.0,3.32,0.328989723,1000
8170-8650E51,A,不需要,0,库存充足,10.6,0.98,10.6,31.8,200.0,0.0,0.0,200.0,-168.2,3257.85,0.0,566.0,3.38,16.289237623,100
8170-8180E51,A,不需要,0,库存充足,10.8,0.98,10.8,32.4,120.0,0.0,0.0,120.0,-87.6,1895.19,0.0,333.3,2.17,15.793245614,100
NU1C1H36C,A,不需要,0,库存充足,1012.0,0.98,1012.0,3036.0,5184.0,0.0,0.0,5184.0,-2148.0,865.09,0.0,153.7,10.94,0.166877713,1000
BE2B4E28K,A,不需要,0,库存充足,510.5,0.98,510.5,1531.5,4800.0,0.0,0.0,4800.0,-3268.5,1479.19,0.0,282.1,11.77,0.308163603,1000
6550H106B25,A,不需要,0,库存充足,20.7,0.98,20.7,62.1,56.0,100.0,0.0,156.0,-93.9,422.75,0.0,81.2,2.63,7.5491,100
NU1C1E46C,A,不需要,0,库存充足,676.6,0.98,676.6,2029.8,9600.0,3000.0,0.0,12600.0,-10570.2,2211.5,0.0,425.7,22.52,0.230364457,1000
8180-8650E51,A,不需要,0,库存充足,9.0,0.98,9.0,27.0,144.0,0.0,0.0,144.0,-117.0,2479.43,0.0,480.0,1.33,17.218239436,100
5500/5550-5450B32,A,不需要,0,库存充足,18.1,0.98,18.1,54.3,60.0,0.0,0.0,60.0,-5.7,508.02,0.0,99.4,4.86,8.467,100
6450/6500-6550B32,A,不需要,0,缺口微小,17.0,0.98,17.0,51.0,36.0,0.0,0.0,36.0,15.0,316.8,0.0,63.5,2.84,8.8,100
BE2B4E50K,A,不需要,0,库存充足,436.0,0.98,436.0,1308.0,2300.0,2000.0,0.0,4300.0,-2992.0,756.71,0.0,158.3,3.19,0.329004994,1000
6135-6550H871E38,A,不需要,0,库存充足,14.3,0.98,14.3,42.9,240.0,0.0,0.0,240.0,-197.1,2364.32,0.0,503.5,4.38,9.851336633,100
5120H741E32,A,不需要,0,库存充足,17.5,0.98,20.3,55.3,0.0,100.0,0.0,100.0,-44.7,0.0,0.0,0.0,7.01,7.918527272,100
5130H715E32,A,不需要,0,库存充足,13.6,0.98,13.6,40.8,96.0,0.0,0.0,96.0,-55.2,960.0,0.0,211.8,4.05,10.0,100
NU1P1E22Z,A,不需要,0,库存充足,1043.3,0.98,1043.3,3129.9,9408.0,3000.0,0.0,12408.0,-9278.1,1218.88,0.0,270.5,17.37,0.129557693,1000
BE2B4E60K,A,不需要,0,库存充足,396.0,0.98,396.0,1188.0,3600.0,1000.0,0.0,4600.0,-3412.0,1227.52,0.0,272.7,1.61,0.340977115,1000
BE2B4E55K,A,不需要,0,库存充足,398.1,0.98,398.1,1194.3,1200.0,2000.0,0.0,3200.0,-2005.7,379.2,0.0,90.4,2.6,0.316,1000
5120SH741T30,A,不需要,0,库存充足,15.5,0.98,15.5,46.5,112.0,0.0,0.0,112.0,-65.5,896.0,0.0,216.8,2.33,8.0,100
BU1B4D40K,A,不需要,0,库存充足,373.5,0.98,373.5,1120.5,4700.0,0.0,0.0,4700.0,-3579.5,1497.48,0.0,377.5,1.75,0.318611799,1000
5450H671B20,A,不需要,0,库存充足,18.9,0.98,18.9,56.7,252.0,0.0,0.0,252.0,-195.3,1570.79,0.0,400.0,2.71,6.2333,100
NE1C9E40C,A,不需要,0,库存充足,22.8,0.98,22.8,68.4,672.0,0.0,0.0,672.0,-603.6,3400.32,0.0,884.2,4.41,5.06,1000
BU1B4D28K,A,不需要,0,库存充足,309.3,0.98,309.3,927.9,3840.0,0.0,0.0,3840.0,-2912.1,1344.0,0.0,372.5,6.49,0.35,1000
S2E15E45K,A,不需要,0,库存充足,359.7,0.98,359.7,1079.1,2280.0,0.0,0.0,2280.0,-1200.9,679.21,0.0,190.2,4.41,0.2979,100
5110/5112-5450B32,A,不需要,0,库存充足,13.7,0.98,15.0,42.4,92.0,100.0,0.0,192.0,-149.6,704.09,0.0,201.5,5.17,7.6531,100
NU1C1J36C,A,不需要,0,库存充足,540.5,0.98,540.5,1621.5,5280.0,0.0,0.0,5280.0,-3658.5,1010.7,0.0,293.1,9.27,0.191420256,1000
5130SH715T30,A,不需要,0,库存充足,12.2,0.98,12.2,36.6,24.0,100.0,0.0,124.0,-87.4,202.92,0.0,59.0,1.87,8.4551,100
6550-6550B32,A,不需要,0,库存充足,12.2,0.98,12.3,36.7,84.0,0.0,0.0,84.0,-47.3,706.99,0.0,206.6,4.25,8.4166,100
5450H671B32,A,不需要,0,库存充足,13.3,0.98,13.3,39.9,96.0,0.0,0.0,96.0,-56.1,740.16,0.0,216.5,2.5,7.71,100
5120SH741T15,A,不需要,0,库存充足,20.1,0.98,20.1,60.3,140.0,0.0,0.0,140.0,-79.7,705.6,0.0,209.0,3.48,5.04,100
5130SH715T25,A,不需要,0,库存充足,13.5,0.98,13.5,40.5,2.0,100.0,0.0,102.0,-61.5,14.77,0.0,4.4,2.27,7.3873,100
S2D15E45K,A,不需要,0,库存充足,298.0,0.98,298.0,894.0,960.0,3000.0,0.0,3960.0,-3066.0,297.7,0.0,96.6,3.39,0.3101,100
5130SH715T20,A,不需要,0,库存充足,14.6,0.98,18.2,47.4,104.0,100.0,0.0,204.0,-156.6,651.89,0.0,213.7,6.29,6.268138775,100
NE3C9B37K,B,不需要,0,库存充足,30.5,0.95,30.5,91.5,2680.0,0.0,0.0,2680.0,-2588.5,8040.0,0.0,2636.1,6.3,3.0,1000
NE1C3B40C,B,不需要,0,库存充足,195.3,0.95,195.3,585.9,4680.0,0.0,0.0,4680.0,-4094.1,2152.8,0.0,718.9,6.26,0.46,1000
5130SH715T12,B,不需要,0,库存充足,17.6,0.95,17.6,52.8,20.0,100.0,0.0,120.0,-67.2,102.0,0.0,34.1,3.39,5.1,100
5102SH571T12,B,不需要,0,库存充足,20.0,0.95,20.0,60.0,240.0,0.0,0.0,240.0,-180.0,1070.4,0.0,360.0,4.25,4.46,100
NU1C1A36K,B,不需要,0,库存充足,433.8,0.95,433.8,1301.4,7680.0,0.0,0.0,7680.0,-6378.6,1543.12,0.0,531.1,6.99,0.200926811,1000
NE3C3A37C,B,不需要,0,库存充足,284.2,0.95,284.2,852.6,3640.0,3000.0,0.0,6640.0,-5787.4,1092.0,0.0,384.2,6.28,0.3,1000
5450/5475-5112B32,B,不需要,0,库存充足,9.4,0.95,9.4,28.2,12.0,100.0,0.0,112.0,-83.8,106.08,0.0,38.3,1.51,8.84,100
NE3C3A37K,B,不需要,0,库存充足,260.3,0.95,260.3,780.9,3500.0,0.0,0.0,3500.0,-2719.1,1050.0,0.0,403.4,4.99,0.3,1000
NU1P1B22Z,B,不需要,0,库存充足,709.3,0.95,709.3,2127.9,4800.0,6000.0,0.0,10800.0,-8672.1,522.24,0.0,203.0,12.26,0.1088,1000
NU1P1H22Z,B,不需要,0,库存充足,712.2,0.95,712.2,2136.6,1728.0,3000.0,0.0,4728.0,-2591.4,187.03,0.0,72.8,12.39,0.10823409,1000
5130SH715T15,B,不需要,0,库存充足,14.3,0.95,14.3,42.9,36.0,100.0,0.0,136.0,-93.1,188.7,0.0,75.5,4.29,5.2418,100
5120SH726T20,B,不需要,0,库存充足,13.7,0.95,13.7,41.1,36.0,100.0,0.0,136.0,-94.9,195.28,0.0,78.8,3.14,5.4245375,100
8650-8180E51,B,不需要,0,库存充足,4.2,0.95,6.5,14.9,88.0,0.0,0.0,88.0,-73.1,1528.43,0.0,628.6,2.77,17.36849863,100
5450H641E25,B,不需要,0,销量过低 (6月预测 < MOQ:100),10.5,0.95,10.5,31.5,24.0,0.0,0.0,24.0,7.5,165.71,0.0,68.6,2.71,6.904690265,100
NU1P1K22K,B,不需要,0,库存充足,628.9,0.95,628.9,1886.7,4224.0,6000.0,0.0,10224.0,-8337.3,483.35,0.0,201.5,11.5,0.114429659,1000
BU1B4D60K,B,不需要,0,库存充足,143.0,0.95,143.0,429.0,240.0,1000.0,0.0,1240.0,-811.0,115.2,0.0,50.3,1.38,0.48,1000
6550-6550E51,B,不需要,0,库存充足,5.3,0.95,5.3,15.9,72.0,0.0,0.0,72.0,-56.1,926.64,0.0,407.5,1.25,12.87,100
NU1C8E51C,B,不需要,0,库存充足,259.6,0.95,259.6,778.8,24064.0,0.0,0.0,24064.0,-23285.2,6256.64,0.0,2780.9,12.08,0.26,1000
6550-6550E38,B,不需要,0,库存充足,6.4,0.95,6.4,19.2,64.0,0.0,0.0,64.0,-44.8,663.68,0.0,300.0,1.05,10.37,100
NU1C1A36C,B,不需要,0,库存充足,367.5,0.95,367.5,1102.5,8064.0,0.0,0.0,8064.0,-6961.5,1445.07,0.0,658.3,6.76,0.1792,1000
5120H641E32,B,不需要,0,库存充足,8.0,0.95,8.0,24.0,76.0,0.0,0.0,76.0,-52.0,613.35,0.0,285.0,2.17,8.070421794,100
5120SH726T15,B,不需要,0,库存充足,13.5,0.95,13.5,40.5,80.0,100.0,0.0,180.0,-139.5,379.31,0.0,177.8,2.77,4.7414,100
BU1B9E28K,B,不需要,0,库存充足,24.1,0.95,24.1,72.3,504.0,0.0,0.0,504.0,-431.7,1320.48,0.0,627.4,6.47,2.62,1000
6550H781E25,B,不需要,0,库存充足,5.6,0.95,5.6,16.8,240.0,0.0,0.0,240.0,-223.2,2683.2,0.0,1285.7,1.11,11.18,100
8180-8170E51,B,不需要,0,库存充足,3.6,0.95,3.6,10.8,124.0,0.0,0.0,124.0,-113.2,2153.32,0.0,1033.3,0.86,17.365446428,100
5120H669E32,B,不需要,0,库存充足,6.8,0.95,6.9,20.5,22.0,100.0,0.0,122.0,-101.5,199.1,0.0,97.1,2.96,9.05,100
6550H781E38,B,不需要,0,库存充足,5.2,0.95,5.7,16.1,68.0,100.0,0.0,168.0,-151.9,788.74,0.0,392.3,2.44,11.599122807,100
5475/5500-5500H32,B,不需要,0,库存充足,6.9,0.95,6.9,20.7,100.0,0.0,0.0,100.0,-79.3,839.86,0.0,434.8,1.33,8.398636363,100
6135/6550-6550E32,B,不需要,0,库存充足,5.4,0.95,5.4,16.2,116.0,0.0,0.0,116.0,-99.8,1242.36,0.0,644.4,1.7,10.71,100
5102SH571T25,B,不需要,0,库存充足,8.3,0.95,8.3,24.9,78.0,0.0,0.0,78.0,-53.1,536.64,0.0,281.9,1.38,6.88,100
NE3C9E48K,B,不需要,0,库存充足,17.6,0.95,17.6,52.8,690.0,0.0,0.0,690.0,-637.2,2166.6,0.0,1176.1,7.2,3.14,1000
NE3C9B37C,B,不需要,0,库存充足,18.2,0.95,18.2,54.6,3094.0,0.0,0.0,3094.0,-3039.4,9282.0,0.0,5100.0,7.21,3.0,1000
BE2B4E70K,B,不需要,0,库存充足,107.9,0.95,107.9,323.7,1200.0,0.0,0.0,1200.0,-876.3,600.0,0.0,333.6,2.31,0.5,1000
BU1B4D55K,B,不需要,0,库存充足,123.0,0.95,123.0,369.0,1280.0,0.0,0.0,1280.0,-911.0,550.4,0.0,312.2,0.5,0.43,1000
6550H781E32,B,不需要,0,库存充足,4.7,0.95,4.7,14.1,112.0,0.0,0.0,112.0,-97.9,1240.96,0.0,714.9,1.16,11.08,100
5135/5500-5500H38,B,不需要,0,库存充足,4.8,0.95,7.9,17.5,328.0,0.0,0.0,328.0,-310.5,3472.68,0.0,2050.0,3.39,10.587447236,100
BE2B4E65K,B,不需要,0,库存充足,107.3,0.95,107.3,321.9,1000.0,0.0,0.0,1000.0,-678.1,470.0,0.0,279.6,2.43,0.47,1000
BE2B4E75K,B,不需要,0,库存充足,95.3,0.95,95.3,285.9,1800.0,0.0,0.0,1800.0,-1514.1,936.0,0.0,566.6,1.45,0.52,1000
5120SH726T25,B,不需要,0,库存充足,7.1,0.95,7.1,21.3,28.0,100.0,0.0,128.0,-106.7,189.0,0.0,118.3,2.95,6.75,100
5102SH571T30,B,不需要,0,库存充足,6.1,0.95,6.1,18.3,68.0,0.0,0.0,68.0,-49.7,531.76,0.0,334.4,1.59,7.82,100
S2B15E45K,B,不需要,0,库存充足,131.4,0.95,131.4,394.2,1000.0,0.0,0.0,1000.0,-605.8,350.0,0.0,228.3,2.31,0.35,100
NU1C1H36K,B,不需要,0,库存充足,186.4,0.95,186.4,559.2,7008.0,0.0,0.0,7008.0,-6448.8,1541.76,0.0,1127.9,5.8,0.22,1000
BE2B9E28K,B,不需要,0,库存充足,15.3,0.95,15.3,45.9,696.0,0.0,0.0,696.0,-650.1,1865.28,0.0,1364.7,5.41,2.68,1000
5450H641E15,B,不需要,0,库存充足,7.5,0.95,7.5,22.5,108.0,0.0,0.0,108.0,-85.5,576.81,0.0,432.0,1.61,5.340806382,100
5475-5450B25,B,不需要,0,库存充足,5.3,0.95,5.3,15.9,44.0,0.0,0.0,44.0,-28.1,331.76,0.0,249.1,1.66,7.54,100
5450H601B32,B,不需要,0,库存充足,5.0,0.95,5.0,15.0,180.0,0.0,0.0,180.0,-165.0,1438.2,0.0,1080.0,0.94,7.99,100
NU1C1H46K,B,不需要,0,库存充足,139.3,0.95,139.3,417.9,7824.0,0.0,0.0,7824.0,-7406.1,2190.72,0.0,1685.0,3.49,0.28,1000
NU1P1A22Z,B,不需要,0,库存充足,257.2,0.95,257.2,771.6,2304.0,3000.0,0.0,5304.0,-4532.4,345.6,0.0,268.7,6.44,0.15,1000
5450/5475-5135B32,B,不需要,0,库存充足,4.4,0.95,4.4,13.2,68.0,0.0,0.0,68.0,-54.8,594.32,0.0,463.6,1.02,8.74,100
5102SH571T15,C,不需要,0,库存充足,7.6,0.9,7.6,22.8,376.0,0.0,0.0,376.0,-353.2,1898.8,0.0,1484.2,1.88,5.05,100
NE1C3B40K,C,不需要,0,库存充足,108.2,0.9,108.2,324.6,4380.0,0.0,0.0,4380.0,-4055.4,1489.2,0.0,1214.4,2.08,0.34,1000
5120SH726T30,C,不需要,0,库存充足,5.1,0.9,5.1,15.3,64.0,0.0,0.0,64.0,-48.7,458.76,0.0,376.5,2.07,7.168072727,100
BU1B9D28K,C,不需要,0,库存充足,13.8,0.9,13.8,41.4,144.0,0.0,0.0,144.0,-102.6,378.72,0.0,313.0,5.96,2.63,1000
5110/5112-5475B32,C,不需要,0,库存充足,5.2,0.9,5.7,16.1,48.0,100.0,0.0,148.0,-131.9,333.6,0.0,276.9,3.14,6.950088888,100
NE3C3B48C,C,不需要,0,库存充足,82.1,0.9,82.1,246.3,4360.0,0.0,0.0,4360.0,-4113.7,1918.4,0.0,1593.2,2.43,0.44,1000
5500-5475B32,C,不需要,0,库存充足,4.0,0.9,4.0,12.0,96.0,0.0,0.0,96.0,-84.0,821.76,0.0,720.0,2.0,8.56,100
5500/5550-5475B32,C,不需要,0,库存充足,3.8,0.9,6.3,13.9,72.0,100.0,0.0,172.0,-158.1,639.69,0.0,568.4,3.5,8.8846,100
6135H871E38,C,不需要,0,库存充足,2.7,0.9,5.9,11.3,152.0,0.0,0.0,152.0,-140.7,1842.24,0.0,1688.9,3.27,12.12,100
NE3C9A37C,C,不需要,0,库存充足,10.2,0.9,10.2,30.6,630.0,0.0,0.0,630.0,-599.4,1890.0,0.0,1852.9,4.66,3.0,1000
5450/5475-5100B32,C,不需要,0,库存充足,4.0,0.9,4.0,12.0,50.0,0.0,0.0,50.0,-38.0,377.0,0.0,375.0,0.99,7.54,100
5450H601B20,C,不需要,0,库存充足,4.9,0.9,4.9,14.7,120.0,0.0,0.0,120.0,-105.3,723.6,0.0,734.7,1.67,6.03,100
5475-5475B32,C,不需要,0,库存充足,3.3,0.9,3.3,9.9,104.0,0.0,0.0,104.0,-94.1,908.96,0.0,945.5,1.13,8.74,100
NE3C9A37K,C,不需要,0,库存充足,9.5,0.9,9.5,28.5,750.0,0.0,0.0,750.0,-721.5,2250.0,0.0,2368.4,3.19,3.0,1000
5102SH571T20,C,不需要,0,库存充足,4.7,0.9,4.7,14.1,144.0,0.0,0.0,144.0,-129.9,843.84,0.0,919.1,0.66,5.86,100
5450/5475-5500B32,C,不需要,0,库存充足,3.0,0.9,3.0,9.0,116.0,0.0,0.0,116.0,-107.0,1019.64,0.0,1160.0,0.7,8.79,100
5135/5500-5475B32,C,不需要,0,库存充足,2.7,0.9,2.7,8.1,64.0,100.0,0.0,164.0,-155.9,593.28,0.0,711.1,0.98,9.27,100
5450/5475-5475B32,C,不需要,0,库存充足,2.8,0.9,3.6,9.2,88.0,0.0,0.0,88.0,-78.8,768.24,0.0,942.9,2.0,8.73,100
5450/5475-5550B32,C,不需要,0,库存充足,2.8,0.9,2.8,8.4,156.0,0.0,0.0,156.0,-147.6,1361.88,0.0,1671.4,1.03,8.73,100
5100/5425-5450B32,C,不需要,0,库存充足,3.2,0.9,3.2,9.6,48.0,0.0,0.0,48.0,-38.4,361.92,0.0,450.0,0.98,7.54,100
NE3C9E48C,C,不需要,0,库存充足,7.4,0.9,7.4,22.2,840.0,0.0,0.0,840.0,-817.8,2637.6,0.0,3405.4,2.52,3.14,1000
6550-6550E32,C,不需要,0,库存充足,2.5,0.9,2.5,7.5,14.0,0.0,0.0,14.0,-6.5,120.12,0.0,168.0,0.47,8.58,100
NE1C3E45C,C,不需要,0,库存充足,46.9,0.9,46.9,140.7,2000.0,0.0,0.0,2000.0,-1859.3,880.0,0.0,1279.3,2.74,0.44,1000
NU1C9H46C,C,不需要,0,库存充足,6.3,0.9,6.3,18.9,960.0,0.0,0.0,960.0,-941.1,3110.4,0.0,4571.4,2.84,3.24,1000
BU1B4A28K,C,不需要,0,库存充足,57.8,0.9,57.8,173.4,4960.0,0.0,0.0,4960.0,-4786.6,1736.0,0.0,2574.4,2.86,0.35,1000
NE1C3F45C,C,不需要,0,库存充足,44.8,0.9,44.8,134.4,1800.0,0.0,0.0,1800.0,-1665.6,792.0,0.0,1205.4,1.54,0.44,1000
5100/5425-5475B32,C,不需要,0,库存充足,2.6,0.9,2.6,7.8,140.0,0.0,0.0,140.0,-132.2,1036.0,0.0,1615.4,0.5,7.4,100
BE2B9E45K,C,不需要,0,库存充足,6.1,0.9,6.1,18.3,912.0,0.0,0.0,912.0,-893.7,2708.64,0.0,4485.2,2.33,2.97,1000
NU1P1J22K,C,不需要,0,库存充足,132.8,0.9,132.8,398.4,2944.0,0.0,0.0,2944.0,-2545.6,382.99,0.0,665.1,3.62,0.130090096,1000
6135/6550-6135E32,C,不需要,0,库存充足,2.0,0.9,2.0,6.0,88.0,0.0,0.0,88.0,-82.0,753.28,0.0,1320.0,0.4,8.56,100
NE1C3F45K,C,不需要,0,库存充足,35.0,0.9,35.0,105.0,1800.0,0.0,0.0,1800.0,-1695.0,792.0,0.0,1542.9,2.77,0.44,1000
NE3C3B48K,C,不需要,0,库存充足,43.1,0.9,43.1,129.3,5120.0,0.0,0.0,5120.0,-4990.7,1652.03,0.0,3563.8,1.83,0.322661275,1000
BU1B9B28K,C,不需要,0,库存充足,5.5,0.9,5.5,16.5,480.0,0.0,0.0,480.0,-463.5,1180.8,0.0,2618.2,2.41,2.46,1000
6550-6135H781E38,C,不需要,0,库存充足,1.2,0.9,1.2,3.6,128.0,0.0,0.0,128.0,-124.4,1440.0,0.0,3200.0,0.6,11.25,100
NU1P1F22Z,C,不需要,0,库存充足,120.3,0.9,120.3,360.9,2112.0,0.0,0.0,2112.0,-1751.1,231.99,0.0,526.7,60.15,0.109843961,1000
NU1C9H36K,C,不需要,0,库存充足,4.5,0.9,4.5,13.5,900.0,0.0,0.0,900.0,-886.5,2628.0,0.0,6000.0,1.58,2.92,1000
BU1B9A28K,C,不需要,0,库存充足,5.3,0.9,5.7,16.3,432.0,0.0,0.0,432.0,-415.7,1062.72,0.0,2445.3,3.14,2.46,1000
5450/5475-5450B32,C,不需要,0,库存充足,1.5,0.9,6.9,9.9,64.0,100.0,0.0,164.0,-154.1,538.88,0.0,1280.0,3.82,8.42,100
NE1C2B40K,C,不需要,0,库存充足,30.7,0.9,30.7,92.1,2400.0,0.0,0.0,2400.0,-2307.9,984.0,0.0,2345.3,1.05,0.41,1000
5115H715E32,C,不需要,0,库存充足,1.3,0.9,1.5,4.1,188.0,0.0,0.0,188.0,-183.9,1673.2,0.0,4338.5,0.82,8.9,100
NU1C9H36C,C,不需要,0,库存充足,3.9,0.9,5.7,13.5,975.0,0.0,0.0,975.0,-961.5,2847.0,0.0,7500.0,3.16,2.92,1000
NU1C9H46K,C,不需要,0,库存充足,3.3,0.9,4.4,11.0,996.0,0.0,0.0,996.0,-985.0,3246.96,0.0,9054.5,2.44,3.26,1000
NE1C2B40C,C,不需要,0,库存充足,24.4,0.9,24.4,73.2,2400.0,0.0,0.0,2400.0,-2326.8,984.0,0.0,2950.8,0.49,0.41,1000
NU1C1J36K,C,不需要,0,库存充足,47.4,0.9,47.4,142.2,1120.0,0.0,0.0,1120.0,-977.8,235.2,0.0,708.9,2.29,0.21,1000
5135/5500-5450B32,C,不需要,0,库存充足,1.0,0.9,1.0,3.0,54.0,100.0,0.0,154.0,-151.0,500.58,0.0,1620.0,0.5,9.27,100
5115H715E20,C,不需要,0,库存充足,1.2,0.9,1.2,3.6,80.0,0.0,0.0,80.0,-76.4,531.2,0.0,2000.0,0.4,6.64,100
BE2B9B40K,C,不需要,0,库存充足,2.6,0.9,2.6,7.8,937.0,0.0,0.0,937.0,-929.2,2661.08,0.0,10811.5,0.96,2.84,1000
5120SH741T12,C,不需要,0,库存充足,1.5,0.9,1.5,4.5,100.0,0.0,0.0,100.0,-95.5,438.0,0.0,2000.0,0.75,4.38,100
BU1B4E28C,C,不需要,0,销量过低 (6月预测 < MOQ:1000),18.0,0.9,18.0,54.0,0.0,0.0,0.0,0.0,54.0,0.0,0.0,0.0,9.0,0.36,1000
BU1B4A28C,C,不需要,0,库存充足,13.3,0.9,13.3,39.9,4340.0,0.0,0.0,4340.0,-4300.1,1605.8,0.0,9789.5,2.84,0.37,1000
5450/5475-5425B32,C,不需要,0,库存充足,0.5,0.9,2.8,3.8,84.0,100.0,0.0,184.0,-180.2,733.32,0.0,5040.0,1.55,8.73,100
BE2B9B28K,C,不需要,0,库存充足,1.2,0.9,2.6,5.0,1031.0,0.0,0.0,1031.0,-1026.0,2629.05,0.0,25775.0,1.46,2.55,1000
BU1B9G28K,C,不需要,0,库存充足,0.9,0.9,2.0,3.8,528.0,0.0,0.0,528.0,-524.2,1446.72,0.0,17600.0,1.09,2.74,1000
BU1B4B40K,C,不需要,0,库存充足,189.6,0.9,189.6,568.8,0.0,2000.0,0.0,2000.0,-1431.2,0.0,0.0,0.0,6.35,0.0,1000
BU1B4B45K,C,不需要,0,销量过低 (6月预测 < MOQ:1000),25.0,0.9,25.0,75.0,0.0,0.0,0.0,0.0,75.0,0.0,0.0,0.0,0.43,0.0,1000
BU1B4B55K,C,不需要,0,销量过低 (6月预测 < MOQ:1000),38.0,0.9,38.0,114.0,0.0,0.0,0.0,0.0,114.0,0.0,0.0,0.0,0.93,0.0,1000
BU1B4B50K,C,不需要,0,销量过低 (6月预测 < MOQ:1000),45.6,0.9,45.6,136.8,0.0,0.0,0.0,0.0,136.8,0.0,0.0,0.0,1.36,0.0,1000
BU1B4B28K,C,不需要,0,销量过低 (6月预测 < MOQ:1000),81.1,0.9,81.1,243.3,0.0,0.0,0.0,0.0,243.3,0.0,0.0,0.0,2.18,0.0,1000
BU1B4B60K,C,不需要,0,销量过低 (6月预测 < MOQ:1000),8.5,0.9,8.5,25.5,0.0,0.0,0.0,0.0,25.5,0.0,0.0,0.0,0.37,0.0,1000
NE1C3E45K,C,不需要,0,库存充足,292.5,0.9,292.5,877.5,4512.0,0.0,0.0,4512.0,-3634.5,0.0,0.0,462.8,5.81,0.0,1000
5120SH741T10,C,不需要,0,库存充足,6.6,0.9,6.6,19.8,90.0,0.0,0.0,90.0,-70.2,0.0,0.0,409.1,2.15,0.0,100
5120SH741T25,C,不需要,0,销量过低 (6月预测 < MOQ:100),14.8,0.9,14.8,44.4,36.0,0.0,0.0,36.0,8.4,0.0,0.0,73.0,2.6,0.0,100
BU1B9SKTX,C,不需要,0,库存充足,0.6,0.9,0.8,2.0,600.0,0.0,0.0,600.0,-598.0,0.0,0.0,30000.0,0.43,0.0,1000
6550-6550B51,C,不需要,0,销量过低 (6月预测 < MOQ:100),4.6,0.9,4.6,13.8,0.0,0.0,0.0,0.0,13.8,0.0,0.0,0.0,0.68,0.0,100

📘 企业级智能补货系统说明:
1. 参数: Lead=2.0月, MinSafety=1.0月
2. 安全库存公式: Z × √(LeadTime) × σ (历史波动率)
3. 目标库存公式: Forecast × LeadTime + SafetyStock
4. 紧急/高优SKU: 4 个
5. 总库存金额: $248,193.81
6. 建议订货金额: $1,885.94
